Num,Idx,Type,Region,Name,Longitude,Latitude,MAC,IP,PMU_IDX,From,To,Delay,BW,Loss,Jitter,Status
2,Akron,PMU,Ohio,Akron,-81.5190053,41.0814447,30:00:00:00:00:01,192.168.1.1,None,None,None,None,None,None,None,1
4,Albuq,PMU,NewMexico,Albuq,-106.6055534,35.0853336,30:00:00:00:00:02,192.168.1.2,None,None,None,None,None,None,None,1
6,Altoona,PMU,Pennsylvania,Altoona,-78.3947359,40.5186809,30:00:00:00:00:03,192.168.1.3,None,None,None,None,None,None,None,1
8,Anaheim,PMU,California,Anaheim,-117.9145036,33.8352932,30:00:00:00:00:04,192.168.1.4,None,None,None,None,None,None,None,1
10,Ashburn,PMU,Virginia,Ashburn,-77.4874416,39.0437567,30:00:00:00:00:05,192.168.1.5,None,None,None,None,None,None,None,1
12,Auburn,PMU,California,Auburn,-121.0768901,38.8965654,30:00:00:00:00:06,192.168.1.6,None,None,None,None,None,None,None,1
14,Austin,PMU,Texas,Austin,-97.7430608,30.267153,30:00:00:00:00:07,192.168.1.7,None,None,None,None,None,None,None,1
16,Baltimore,PMU,Maryland,Baltimore,-76.6121893,39.2903848,30:00:00:00:00:08,192.168.1.8,None,None,None,None,None,None,None,1
18,BatonRouge,PMU,Louisiana,BatonRouge,-91.1403196,30.4582829,30:00:00:00:00:09,192.168.1.9,None,None,None,None,None,None,None,1
20,Baytown,PMU,Texas,Baytown,-94.9774274,29.7355047,30:00:00:00:00:10,192.168.1.10,None,None,None,None,None,None,None,1
22,Bellport,PMU,NewYork,Bellport,-72.9392727,40.7570429,30:00:00:00:00:11,192.168.1.11,None,None,None,None,None,None,None,1
24,Billings,PMU,Montana,Billings,-108.5006904,45.7832856,30:00:00:00:00:12,192.168.1.12,None,None,None,None,None,None,None,1
26,Bishop,PMU,California,Bishop,-118.3996636,37.3614238,30:00:00:00:00:13,192.168.1.13,None,None,None,None,None,None,None,1
28,BocaRaton,PMU,Florida,BocaRaton,-80.1289321,26.3683064,30:00:00:00:00:14,192.168.1.14,None,None,None,None,None,None,None,1
30,Boston,PMU,Massachusetts,Boston,-71.0588801,42.3600825,30:00:00:00:00:15,192.168.1.15,None,None,None,None,None,None,None,1
32,BowGreen,PMU,Kentucky,BowGreen,-86.4808043,36.9685219,30:00:00:00:00:16,192.168.1.16,None,None,None,None,None,None,None,1
34,Brent,PMU,Florida,Brent,-87.2360826,30.4688079,30:00:00:00:00:17,192.168.1.17,None,None,None,None,None,None,None,1
36,Bristol,PMU,Tennessee,Bristol,-82.1887444,36.5951059,30:00:00:00:00:18,192.168.1.18,None,None,None,None,None,None,None,1
38,Bryan,PMU,Texas,Bryan,-96.3699632,30.6743643,30:00:00:00:00:19,192.168.1.19,None,None,None,None,None,None,None,1
40,Bullhead,PMU,Arizona,Bullhead,-114.5285981,35.1359386,30:00:00:00:00:20,192.168.1.20,None,None,None,None,None,None,None,1
42,CampVerde,PMU,Arizona,CampVerde,-111.8543178,34.5636358,30:00:00:00:00:21,192.168.1.21,None,None,None,None,None,None,None,1
44,Carlsbad,PMU,California,Carlsbad,-117.3505939,33.1580933,30:00:00:00:00:22,192.168.1.22,None,None,None,None,None,None,None,1
46,Charleston,PMU,SouthCarolina,Charleston,-79.9310512,32.7764749,30:00:00:00:00:23,192.168.1.23,None,None,None,None,None,None,None,1
48,Charsville,PMU,Virginia,Charsville,-78.4766781,38.0293059,30:00:00:00:00:24,192.168.1.24,None,None,None,None,None,None,None,1
50,Chesapeake,PMU,Virginia,Chesapeake,1.11111E+15,36.7682088,30:00:00:00:00:25,192.168.1.25,None,None,None,None,None,None,None,1
52,Chicago,PMU,Illinois,Chicago,-87.6297982,41.8781136,30:00:00:00:00:26,192.168.1.26,None,None,None,None,None,None,None,1
54,Cincinnati,PMU,Ohio,Cincinnati,-84.5120196,39.1031182,30:00:00:00:00:27,192.168.1.27,None,None,None,None,None,None,None,1
56,Cleveland,PMU,Ohio,Cleveland,-81.6943605,41.49932,30:00:00:00:00:28,192.168.1.28,None,None,None,None,None,None,None,1
58,Columbia,PMU,SouthCarolina,Columbia,-81.0348144,34.0007104,30:00:00:00:00:29,192.168.1.29,None,None,None,None,None,None,None,1
60,CorChris,PMU,Texas,CorChris,-97.396381,27.8005828,30:00:00:00:00:30,192.168.1.30,None,None,None,None,None,None,None,1
62,Cousport,PMU,Pennsylvania,Cousport,-78.0205602,41.7747878,30:00:00:00:00:31,192.168.1.31,None,None,None,None,None,None,None,1
64,Dallas,PMU,Texas,Dallas,-96.7969879,32.7766642,30:00:00:00:00:32,192.168.1.32,None,None,None,None,None,None,None,1
66,Dayton,PMU,Ohio,Dayton,-84.1916069,39.7589478,30:00:00:00:00:33,192.168.1.33,None,None,None,None,None,None,None,1
68,Dearborn,PMU,Michigan,Dearborn,-83.1763145,42.3222599,30:00:00:00:00:34,192.168.1.34,None,None,None,None,None,None,None,1
70,Denver,PMU,Colorado,Denver,-104.990251,39.7392358,30:00:00:00:00:35,192.168.1.35,None,None,None,None,None,None,None,1
72,Detroit,PMU,Michigan,Detroit,-83.0457538,42.331427,30:00:00:00:00:36,192.168.1.36,None,None,None,None,None,None,None,1
74,Eagan,PMU,Minnesota,Eagan,-93.1668858,44.8041322,30:00:00:00:00:37,192.168.1.37,None,None,None,None,None,None,None,1
76,Edison,PMU,NewJersey,Edison,-74.4120953,40.5187154,30:00:00:00:00:38,192.168.1.38,None,None,None,None,None,None,None,1
78,Elyria,PMU,Ohio,Elyria,-82.1076486,41.3683798,30:00:00:00:00:39,192.168.1.39,None,None,None,None,None,None,None,1
80,Eugene,PMU,Oregon,Eugene,-123.0867536,44.0520691,30:00:00:00:00:40,192.168.1.40,None,None,None,None,None,None,None,1
82,Fairfax,PMU,SouthCarolina,Fairfax,-81.236495,32.9590482,30:00:00:00:00:41,192.168.1.41,None,None,None,None,None,None,None,1
84,Fyville,PMU,NorthCarolina,Fyville,-78.8783585,35.0526641,30:00:00:00:00:42,192.168.1.42,None,None,None,None,None,None,None,1
86,Flagstaff,PMU,Arizona,Flagstaff,-111.651302,35.1982836,30:00:00:00:00:43,192.168.1.43,None,None,None,None,None,None,None,1
88,FortLdale,PMU,Florida,FortLdale,-80.1373174,26.1224386,30:00:00:00:00:44,192.168.1.44,None,None,None,None,None,None,None,1
90,FortSmith,PMU,Arkansas,FortSmith,-94.3985475,35.3859242,30:00:00:00:00:45,192.168.1.45,None,None,None,None,None,None,None,1
92,Framingham,PMU,Massachusetts,Framingham,-71.4161565,42.279286,30:00:00:00:00:46,192.168.1.46,None,None,None,None,None,None,None,1
94,Fredsberg,PMU,Virginia,Fredsberg,-77.4605399,38.3031837,30:00:00:00:00:47,192.168.1.47,None,None,None,None,None,None,None,1
96,Gainesv,PMU,Florida,Gainesv,-82.3248262,29.6516344,30:00:00:00:00:48,192.168.1.48,None,None,None,None,None,None,None,1
98,GrandJunc,PMU,Colorado,GrandJunc,-108.5506486,39.0638705,30:00:00:00:00:49,192.168.1.49,None,None,None,None,None,None,None,1
100,Greeley,PMU,Colorado,Greeley,-104.7091322,40.4233142,30:00:00:00:00:50,192.168.1.50,None,None,None,None,None,None,None,1
102,GBHighPt,PMU,NorthCarolina,GBHighPt,-79.9701103,35.9862055,30:00:00:00:00:51,192.168.1.51,None,None,None,None,None,None,None,1
104,GrovBeach,PMU,California,GrovBeach,-120.6212821,35.1216424,30:00:00:00:00:52,192.168.1.52,None,None,None,None,None,None,None,1
106,Harlingen,PMU,Texas,Harlingen,-97.6961026,26.1906306,30:00:00:00:00:53,192.168.1.53,None,None,None,None,None,None,None,1
108,Harrburg,PMU,Virginia,Harrburg,-78.8689155,38.4495688,30:00:00:00:00:54,192.168.1.54,None,None,None,None,None,None,None,1
110,Helena,PMU,Montana,Helena,-112.0245054,46.5883707,30:00:00:00:00:55,192.168.1.55,None,None,None,None,None,None,None,1
112,Hollywood,PMU,Florida,Hollywood,-80.1494901,26.0112014,30:00:00:00:00:56,192.168.1.56,None,None,None,None,None,None,None,1
114,Indiana,PMU,Pennsylvania,Indiana,-79.1525349,40.6214551,30:00:00:00:00:57,192.168.1.57,None,None,None,None,None,None,None,1
116,Jackson,PMU,Mississippi,Jackson,-90.1848103,32.2987573,30:00:00:00:00:58,192.168.1.58,None,None,None,None,None,None,None,1
118,JsonCity,PMU,Tennessee,JsonCity,-82.3534727,36.3134397,30:00:00:00:00:59,192.168.1.59,None,None,None,None,None,None,None,1
120,KansasCity,PMU,Kansas,KansasCity,-94.6274636,39.114053,30:00:00:00:00:60,192.168.1.60,None,None,None,None,None,None,None,1
122,Kingsport,PMU,Tennessee,Kingsport,-82.5618186,36.548434,30:00:00:00:00:61,192.168.1.61,None,None,None,None,None,None,None,1
124,Lakeland,PMU,Florida,Lakeland,-81.9498042,28.0394654,30:00:00:00:00:62,192.168.1.62,None,None,None,None,None,None,None,1
126,Lansing,PMU,Michigan,Lansing,-84.5555347,42.732535,30:00:00:00:00:63,192.168.1.63,None,None,None,None,None,None,None,1
128,LasVegas,PMU,Nevada,LasVegas,-115.1398296,36.1699412,30:00:00:00:00:64,192.168.1.64,None,None,None,None,None,None,None,1
130,LextFayet,PMU,Kentucky,LextFayet,-84.5037164,38.0405837,30:00:00:00:00:65,192.168.1.65,None,None,None,None,None,None,None,1
132,LittleRock,PMU,Arkansas,LittleRock,-92.2895948,34.7464809,30:00:00:00:00:66,192.168.1.66,None,None,None,None,None,None,None,1
134,Lompoc,PMU,California,Lompoc,-120.4579409,34.6391501,30:00:00:00:00:67,192.168.1.67,None,None,None,None,None,None,None,1
136,Louisville,PMU,Kentucky,Louisville,-85.7584557,38.2526647,30:00:00:00:00:68,192.168.1.68,None,None,None,None,None,None,None,1
138,Lynchburg,PMU,Virginia,Lynchburg,-79.1422464,37.4137536,30:00:00:00:00:69,192.168.1.69,None,None,None,None,None,None,None,1
140,Madison,PMU,Wisconsin,Madison,-89.4012302,43.0730517,30:00:00:00:00:70,192.168.1.70,None,None,None,None,None,None,None,1
142,ManchstCA,PMU,California,ManchstCA,-123.6869288,38.9699164,30:00:00:00:00:71,192.168.1.71,None,None,None,None,None,None,None,1
144,McAllen,PMU,Texas,McAllen,-98.2300124,26.2034071,30:00:00:00:00:72,192.168.1.72,None,None,None,None,None,None,None,1
146,Melbourne,PMU,Florida,Melbourne,-80.6081089,28.0836269,30:00:00:00:00:73,192.168.1.73,None,None,None,None,None,None,None,1
148,Mentor,PMU,Ohio,Mentor,-81.339552,41.6661573,30:00:00:00:00:74,192.168.1.74,None,None,None,None,None,None,None,1
150,Middletown,PMU,Kentucky,Middletown,-85.5388489,38.2453487,30:00:00:00:00:75,192.168.1.75,None,None,None,None,None,None,None,1
152,Milwaukee,PMU,Wisconsin,Milwaukee,-87.9064736,43.0389025,30:00:00:00:00:76,192.168.1.76,None,None,None,None,None,None,None,1
154,Mobile,PMU,Alabama,Mobile,-88.0398912,30.6953657,30:00:00:00:00:77,192.168.1.77,None,None,None,None,None,None,None,1
156,Nashville,PMU,Tennessee,Nashville,-86.7816016,36.1626638,30:00:00:00:00:78,192.168.1.78,None,None,None,None,None,None,None,1
158,NewHaven,PMU,Connecticut,NewHaven,-72.9278835,41.308274,30:00:00:00:00:79,192.168.1.79,None,None,None,None,None,None,None,1
160,NewOrleans,PMU,Louisiana,NewOrleans,-90.0715323,29.9510658,30:00:00:00:00:80,192.168.1.80,None,None,None,None,None,None,None,1
162,Newark,PMU,NewJersey,Newark,-74.1723667,40.735657,30:00:00:00:00:81,192.168.1.81,None,None,None,None,None,None,None,1
164,Norfolk,PMU,Virginia,Norfolk,-76.2858726,36.8507689,30:00:00:00:00:82,192.168.1.82,None,None,None,None,None,None,None,1
166,Oakland,PMU,California,Oakland,-122.2711137,37.8043637,30:00:00:00:00:83,192.168.1.83,None,None,None,None,None,None,None,1
168,Ogden,PMU,Utah,Ogden,-111.9738304,41.223,30:00:00:00:00:84,192.168.1.84,None,None,None,None,None,None,None,1
170,Omaha,PMU,Nebraska,Omaha,-95.9979883,41.2523634,30:00:00:00:00:85,192.168.1.85,None,None,None,None,None,None,None,1
172,Orlando,PMU,Florida,Orlando,-81.3792365,28.5383355,30:00:00:00:00:86,192.168.1.86,None,None,None,None,None,None,None,1
174,PaloAlto,PMU,California,PaloAlto,-122.1430195,37.4418834,30:00:00:00:00:87,192.168.1.87,None,None,None,None,None,None,None,1
176,Payson,PMU,Arizona,Payson,-111.3251355,34.2308684,30:00:00:00:00:88,192.168.1.88,None,None,None,None,None,None,None,1
178,Phily,PMU,Pennsylvania,Phily,-75.1652215,39.9525839,30:00:00:00:00:89,192.168.1.89,None,None,None,None,None,None,None,1
180,Pine,PMU,Arizona,Pine,-111.4551407,34.3844739,30:00:00:00:00:90,192.168.1.90,None,None,None,None,None,None,None,1
182,Plano,PMU,Texas,Plano,-96.6988856,33.0198431,30:00:00:00:00:91,192.168.1.91,None,None,None,None,None,None,None,1
184,Portland,PMU,Oregon,Portland,-122.6764816,45.5230622,30:00:00:00:00:92,192.168.1.92,None,None,None,None,None,None,None,1
186,Princeton,PMU,NewJersey,Princeton,-74.6672226,40.3572976,30:00:00:00:00:93,192.168.1.93,None,None,None,None,None,None,None,1
188,Provo,PMU,Utah,Provo,-111.6585337,40.2338438,30:00:00:00:00:94,192.168.1.94,None,None,None,None,None,None,None,1
190,Raleigh,PMU,NorthCarolina,Raleigh,-78.6381787,35.7795897,30:00:00:00:00:95,192.168.1.95,None,None,None,None,None,None,None,1
192,Redding,PMU,California,Redding,-122.3916754,40.5865396,30:00:00:00:00:96,192.168.1.96,None,None,None,None,None,None,None,1
194,Richmond,PMU,Virginia,Richmond,-77.4360481,37.5407246,30:00:00:00:00:97,192.168.1.97,None,None,None,None,None,None,None,1
196,Roachdale,PMU,Indiana,Roachdale,-86.8022295,39.8489339,30:00:00:00:00:98,192.168.1.98,None,None,None,None,None,None,None,1
198,Rochester,PMU,NewYork,Rochester,-77.6109219,43.16103,30:00:00:00:00:99,192.168.1.99,None,None,None,None,None,None,None,1
200,RomeUtica,PMU,NewYork,RomeUtica,-75.232664,43.100903,30:00:00:00:00:100,192.168.1.100,None,None,None,None,None,None,None,1
202,RoundRock,PMU,Texas,RoundRock,-97.678896,30.5082551,30:00:00:00:00:101,192.168.1.101,None,None,None,None,None,None,None,1
204,SPtsburg,PMU,Florida,SPtsburg,-82.6267345,27.7518284,30:00:00:00:00:102,192.168.1.102,None,None,None,None,None,None,None,1
206,Salinas,PMU,California,Salinas,-121.6555013,36.6777372,30:00:00:00:00:103,192.168.1.103,None,None,None,None,None,None,None,1
208,SanAngelo,PMU,Texas,SanAngelo,-100.4370375,31.4637723,30:00:00:00:00:104,192.168.1.104,None,None,None,None,None,None,None,1
210,SanBernd,PMU,California,SanBernd,-117.2897652,34.1083449,30:00:00:00:00:105,192.168.1.105,None,None,None,None,None,None,None,1
212,SanFranc,PMU,California,SanFranc,-122.4194155,37.7749295,30:00:00:00:00:106,192.168.1.106,None,None,None,None,None,None,None,1
214,SanLObp,PMU,California,SanLObp,-120.6596156,35.2827524,30:00:00:00:00:107,192.168.1.107,None,None,None,None,None,None,None,1
216,SantaAna,PMU,California,SantaAna,-117.8678338,33.7455731,30:00:00:00:00:108,192.168.1.108,None,None,None,None,None,None,None,1
218,StTeresa,PMU,Texas,StTeresa,-106.6391577,31.8559384,30:00:00:00:00:109,192.168.1.109,None,None,None,None,None,None,None,1
220,Savannah,PMU,Georgia,Savannah,-81.0998342,32.0835407,30:00:00:00:00:110,192.168.1.110,None,None,None,None,None,None,None,1
222,Scranton,PMU,Pennsylvania,Scranton,-75.6624122,41.408969,30:00:00:00:00:111,192.168.1.111,None,None,None,None,None,None,None,1
224,Sedona,PMU,Arizona,Sedona,-111.7609896,34.8697395,30:00:00:00:00:112,192.168.1.112,None,None,None,None,None,None,None,1
226,Shreveport,PMU,Louisiana,Shreveport,-93.7501789,32.5251516,30:00:00:00:00:113,192.168.1.113,None,None,None,None,None,None,None,1
228,Southfield,PMU,Michigan,Southfield,-83.2218731,42.4733688,30:00:00:00:00:114,192.168.1.114,None,None,None,None,None,None,None,1
230,Spokane,PMU,Washington,Spokane,-117.4260466,47.6587802,30:00:00:00:00:115,192.168.1.115,None,None,None,None,None,None,None,1
232,SprfldMA,PMU,Massachusetts,SprfldMA,-72.589811,42.1014831,30:00:00:00:00:116,192.168.1.116,None,None,None,None,None,None,None,1
234,StLouis,PMU,Missouri,StLouis,-90.1994042,38.6270025,30:00:00:00:00:117,192.168.1.117,None,None,None,None,None,None,None,1
236,StCollege,PMU,Pennsylvania,StCollege,-77.8600012,40.7933949,30:00:00:00:00:118,192.168.1.118,None,None,None,None,None,None,None,1
238,Stockton,PMU,California,Stockton,-121.2907796,37.9577016,30:00:00:00:00:119,192.168.1.119,None,None,None,None,None,None,None,1
240,SugarLand,PMU,Texas,SugarLand,-95.6349463,29.6196787,30:00:00:00:00:120,192.168.1.120,None,None,None,None,None,None,None,1
242,Sunnyvale,PMU,California,Sunnyvale,-122.0363496,37.36883,30:00:00:00:00:121,192.168.1.121,None,None,None,None,None,None,None,1
244,Tacoma,PMU,Washington,Tacoma,-122.4442906,47.2528768,30:00:00:00:00:122,192.168.1.122,None,None,None,None,None,None,None,1
246,Tampa,PMU,Florida,Tampa,-82.4571776,27.950575,30:00:00:00:00:123,192.168.1.123,None,None,None,None,None,None,None,1
248,Toledo,PMU,Ohio,Toledo,-83.555212,41.6639383,30:00:00:00:00:124,192.168.1.124,None,None,None,None,None,None,None,1
250,Towson,PMU,Maryland,Towson,-76.6019125,39.4014955,30:00:00:00:00:125,192.168.1.125,None,None,None,None,None,None,None,1
252,TriCities,PMU,Tennessee,TriCities,-82.409232,36.473222,30:00:00:00:00:126,192.168.1.126,None,None,None,None,None,None,None,1
254,TroyNY,PMU,NewYork,TroyNY,-73.6917851,42.7284117,30:00:00:00:00:127,192.168.1.127,None,None,None,None,None,None,None,1
256,Tucson,PMU,Arizona,Tucson,-110.926479,32.2217429,30:00:00:00:00:128,192.168.1.128,None,None,None,None,None,None,None,1
258,Vancouver,PMU,Washington,Vancouver,-122.6716063,45.6318397,30:00:00:00:00:129,192.168.1.129,None,None,None,None,None,None,None,1
260,Warren,PMU,Ohio,Warren,-80.8184166,41.2375569,30:00:00:00:00:130,192.168.1.130,None,None,None,None,None,None,None,1
262,WPalmBeach,PMU,Florida,WPalmBeach,-80.0533746,26.7153424,30:00:00:00:00:131,192.168.1.131,None,None,None,None,None,None,None,1
264,Wichita,PMU,Kansas,Wichita,-97.330053,37.6871761,30:00:00:00:00:132,192.168.1.132,None,None,None,None,None,None,None,1
266,WilkBarre,PMU,Pennsylvania,WilkBarre,-75.8813075,41.2459149,30:00:00:00:00:133,192.168.1.133,None,None,None,None,None,None,None,1
268,Wilmington,PMU,NorthCarolina,Wilmington,-77.9447102,34.2257255,30:00:00:00:00:134,192.168.1.134,None,None,None,None,None,None,None,1
270,WinHeaven,PMU,Florida,WinHeaven,-81.7328567,28.0222435,30:00:00:00:00:135,192.168.1.135,None,None,None,None,None,None,None,1
272,York,PMU,Pennsylvania,York,-76.727745,39.9625984,30:00:00:00:00:136,192.168.1.136,None,None,None,None,None,None,None,1
274,Alabama_link_Georgia,Link,None,Alabama_link_Georgia,None,None,None,None,None,S_Alabama,S_Georgia,None,None,None,None,1
275,Alabama_link_Mississippi,Link,None,Alabama_link_Mississippi,None,None,None,None,None,S_Alabama,S_Mississippi,None,None,None,None,1
276,Alabama_link_Tennessee,Link,None,Alabama_link_Tennessee,None,None,None,None,None,S_Alabama,S_Tennessee,None,None,None,None,1
277,Arizona_link_California,Link,None,Arizona_link_California,None,None,None,None,None,S_Arizona,S_California,None,None,None,None,1
278,Arizona_link_Colorado,Link,None,Arizona_link_Colorado,None,None,None,None,None,S_Arizona,S_Colorado,None,None,None,None,1
279,Arizona_link_Nevada,Link,None,Arizona_link_Nevada,None,None,None,None,None,S_Arizona,S_Nevada,None,None,None,None,1
280,Arkansas_link_Missouri,Link,None,Arkansas_link_Missouri,None,None,None,None,None,S_Arkansas,S_Missouri,None,None,None,None,1
281,Arkansas_link_Oklahoma,Link,None,Arkansas_link_Oklahoma,None,None,None,None,None,S_Arkansas,S_Oklahoma,None,None,None,None,1
282,Arkansas_link_Tennessee,Link,None,Arkansas_link_Tennessee,None,None,None,None,None,S_Arkansas,S_Tennessee,None,None,None,None,1
283,California_link_Nevada,Link,None,California_link_Nevada,None,None,None,None,None,S_California,S_Nevada,None,None,None,None,1
284,California_link_Oregon,Link,None,California_link_Oregon,None,None,None,None,None,S_California,S_Oregon,None,None,None,None,1
285,Colorado_link_Nebraska,Link,None,Colorado_link_Nebraska,None,None,None,None,None,S_Colorado,S_Nebraska,None,None,None,None,1
286,Colorado_link_Wyoming,Link,None,Colorado_link_Wyoming,None,None,None,None,None,S_Colorado,S_Wyoming,None,None,None,None,1
287,Florida_link_Alabama,Link,None,Florida_link_Alabama,None,None,None,None,None,S_Florida,S_Alabama,None,None,None,None,1
288,Florida_link_Georgia,Link,None,Florida_link_Georgia,None,None,None,None,None,S_Florida,S_Georgia,None,None,None,None,1
289,Georgia_link_NorthCarolina,Link,None,Georgia_link_NorthCarolina,None,None,None,None,None,S_Georgia,S_NorthCarolina,None,None,None,None,1
290,Georgia_link_SouthCarolina,Link,None,Georgia_link_SouthCarolina,None,None,None,None,None,S_Georgia,S_SouthCarolina,None,None,None,None,1
291,Georgia_link_Tennessee,Link,None,Georgia_link_Tennessee,None,None,None,None,None,S_Georgia,S_Tennessee,None,None,None,None,1
292,Idaho_link_Montana,Link,None,Idaho_link_Montana,None,None,None,None,None,S_Idaho,S_Montana,None,None,None,None,1
293,Idaho_link_Oregon,Link,None,Idaho_link_Oregon,None,None,None,None,None,S_Idaho,S_Oregon,None,None,None,None,1
294,Idaho_link_Wyoming,Link,None,Idaho_link_Wyoming,None,None,None,None,None,S_Idaho,S_Wyoming,None,None,None,None,1
295,Illinois_link_Iowa,Link,None,Illinois_link_Iowa,None,None,None,None,None,S_Illinois,S_Iowa,None,None,None,None,1
296,Illinois_link_Missouri,Link,None,Illinois_link_Missouri,None,None,None,None,None,S_Illinois,S_Missouri,None,None,None,None,1
297,Illinois_link_Wisconsin,Link,None,Illinois_link_Wisconsin,None,None,None,None,None,S_Illinois,S_Wisconsin,None,None,None,None,1
298,Indiana_link_Illinois,Link,None,Indiana_link_Illinois,None,None,None,None,None,S_Indiana,S_Illinois,None,None,None,None,1
299,Indiana_link_Michigan,Link,None,Indiana_link_Michigan,None,None,None,None,None,S_Indiana,S_Michigan,None,None,None,None,1
300,Iowa_link_Minnesota,Link,None,Iowa_link_Minnesota,None,None,None,None,None,S_Iowa,S_Minnesota,None,None,None,None,1
301,Iowa_link_Missouri,Link,None,Iowa_link_Missouri,None,None,None,None,None,S_Iowa,S_Missouri,None,None,None,None,1
302,Iowa_link_Nebraska,Link,None,Iowa_link_Nebraska,None,None,None,None,None,S_Iowa,S_Nebraska,None,None,None,None,1
303,Iowa_link_Wisconsin,Link,None,Iowa_link_Wisconsin,None,None,None,None,None,S_Iowa,S_Wisconsin,None,None,None,None,1
304,Kansas_link_Colorado,Link,None,Kansas_link_Colorado,None,None,None,None,None,S_Kansas,S_Colorado,None,None,None,None,1
305,Kansas_link_Missouri,Link,None,Kansas_link_Missouri,None,None,None,None,None,S_Kansas,S_Missouri,None,None,None,None,1
306,Kansas_link_Oklahoma,Link,None,Kansas_link_Oklahoma,None,None,None,None,None,S_Kansas,S_Oklahoma,None,None,None,None,1
307,Kentucky_link_Illinois,Link,None,Kentucky_link_Illinois,None,None,None,None,None,S_Kentucky,S_Illinois,None,None,None,None,1
308,Kentucky_link_Indiana,Link,None,Kentucky_link_Indiana,None,None,None,None,None,S_Kentucky,S_Indiana,None,None,None,None,1
309,Kentucky_link_Missouri,Link,None,Kentucky_link_Missouri,None,None,None,None,None,S_Kentucky,S_Missouri,None,None,None,None,1
310,Kentucky_link_Ohio,Link,None,Kentucky_link_Ohio,None,None,None,None,None,S_Kentucky,S_Ohio,None,None,None,None,1
311,Kentucky_link_Virginia,Link,None,Kentucky_link_Virginia,None,None,None,None,None,S_Kentucky,S_Virginia,None,None,None,None,1
312,Louisiana_link_Arkansas,Link,None,Louisiana_link_Arkansas,None,None,None,None,None,S_Louisiana,S_Arkansas,None,None,None,None,1
313,Louisiana_link_Mississippi,Link,None,Louisiana_link_Mississippi,None,None,None,None,None,S_Louisiana,S_Mississippi,None,None,None,None,1
314,Louisiana_link_Texas,Link,None,Louisiana_link_Texas,None,None,None,None,None,S_Louisiana,S_Texas,None,None,None,None,1
315,Massachusetts_link_Connecticut,Link,None,Massachusetts_link_Connecticut,None,None,None,None,None,S_Massachusetts,S_Connecticut,None,None,None,None,1
316,Massachusetts_link_RhodeIsland,Link,None,Massachusetts_link_RhodeIsland,None,None,None,None,None,S_Massachusetts,S_RhodeIsland,None,None,None,None,1
317,Michigan_link_Wisconsin,Link,None,Michigan_link_Wisconsin,None,None,None,None,None,S_Michigan,S_Wisconsin,None,None,None,None,1
318,Minnesota_link_NorthDakota,Link,None,Minnesota_link_NorthDakota,None,None,None,None,None,S_Minnesota,S_NorthDakota,None,None,None,None,1
319,Minnesota_link_Wisconsin,Link,None,Minnesota_link_Wisconsin,None,None,None,None,None,S_Minnesota,S_Wisconsin,None,None,None,None,1
320,Mississippi_link_Arkansas,Link,None,Mississippi_link_Arkansas,None,None,None,None,None,S_Mississippi,S_Arkansas,None,None,None,None,1
321,Mississippi_link_Tennessee,Link,None,Mississippi_link_Tennessee,None,None,None,None,None,S_Mississippi,S_Tennessee,None,None,None,None,1
322,Montana_link_NorthDakota,Link,None,Montana_link_NorthDakota,None,None,None,None,None,S_Montana,S_NorthDakota,None,None,None,None,1
323,Nebraska_link_Kansas,Link,None,Nebraska_link_Kansas,None,None,None,None,None,S_Nebraska,S_Kansas,None,None,None,None,1
324,Nebraska_link_Missouri,Link,None,Nebraska_link_Missouri,None,None,None,None,None,S_Nebraska,S_Missouri,None,None,None,None,1
325,Nevada_link_Idaho,Link,None,Nevada_link_Idaho,None,None,None,None,None,S_Nevada,S_Idaho,None,None,None,None,1
326,Nevada_link_Oregon,Link,None,Nevada_link_Oregon,None,None,None,None,None,S_Nevada,S_Oregon,None,None,None,None,1
327,Nevada_link_Utah,Link,None,Nevada_link_Utah,None,None,None,None,None,S_Nevada,S_Utah,None,None,None,None,1
328,NewMexico_link_Arizona,Link,None,NewMexico_link_Arizona,None,None,None,None,None,S_NewMexico,S_Arizona,None,None,None,None,1
329,NewMexico_link_Colorado,Link,None,NewMexico_link_Colorado,None,None,None,None,None,S_NewMexico,S_Colorado,None,None,None,None,1
330,NewMexico_link_Oklahoma,Link,None,NewMexico_link_Oklahoma,None,None,None,None,None,S_NewMexico,S_Oklahoma,None,None,None,None,1
331,NewMexico_link_Utah,Link,None,NewMexico_link_Utah,None,None,None,None,None,S_NewMexico,S_Utah,None,None,None,None,1
332,NewYork_link_Connecticut,Link,None,NewYork_link_Connecticut,None,None,None,None,None,S_NewYork,S_Connecticut,None,None,None,None,1
333,NewYork_link_NewJersey,Link,None,NewYork_link_NewJersey,None,None,None,None,None,S_NewYork,S_NewJersey,None,None,None,None,1
334,NewYork_link_Vermont,Link,None,NewYork_link_Vermont,None,None,None,None,None,S_NewYork,S_Vermont,None,None,None,None,1
335,NorthCarolina_link_Tennessee,Link,None,NorthCarolina_link_Tennessee,None,None,None,None,None,S_NorthCarolina,S_Tennessee,None,None,None,None,1
336,NorthCarolina_link_Virginia,Link,None,NorthCarolina_link_Virginia,None,None,None,None,None,S_NorthCarolina,S_Virginia,None,None,None,None,1
337,Ohio_link_Indiana,Link,None,Ohio_link_Indiana,None,None,None,None,None,S_Ohio,S_Indiana,None,None,None,None,1
338,Ohio_link_Michigan,Link,None,Ohio_link_Michigan,None,None,None,None,None,S_Ohio,S_Michigan,None,None,None,None,1
339,Ohio_link_Pennsylvania,Link,None,Ohio_link_Pennsylvania,None,None,None,None,None,S_Ohio,S_Pennsylvania,None,None,None,None,1
340,Oklahoma_link_Colorado,Link,None,Oklahoma_link_Colorado,None,None,None,None,None,S_Oklahoma,S_Colorado,None,None,None,None,1
341,Oklahoma_link_Missouri,Link,None,Oklahoma_link_Missouri,None,None,None,None,None,S_Oklahoma,S_Missouri,None,None,None,None,1
342,Oregon_link_Washington,Link,None,Oregon_link_Washington,None,None,None,None,None,S_Oregon,S_Washington,None,None,None,None,1
343,Pennsylvania_link_Maryland,Link,None,Pennsylvania_link_Maryland,None,None,None,None,None,S_Pennsylvania,S_Maryland,None,None,None,None,1
344,Pennsylvania_link_NewJersey,Link,None,Pennsylvania_link_NewJersey,None,None,None,None,None,S_Pennsylvania,S_NewJersey,None,None,None,None,1
345,Pennsylvania_link_NewYork,Link,None,Pennsylvania_link_NewYork,None,None,None,None,None,S_Pennsylvania,S_NewYork,None,None,None,None,1
346,RhodeIsland_link_Connecticut,Link,None,RhodeIsland_link_Connecticut,None,None,None,None,None,S_RhodeIsland,S_Connecticut,None,None,None,None,1
347,SouthCarolina_link_NorthCarolina,Link,None,SouthCarolina_link_NorthCarolina,None,None,None,None,None,S_SouthCarolina,S_NorthCarolina,None,None,None,None,1
348,Tennessee_link_Kentucky,Link,None,Tennessee_link_Kentucky,None,None,None,None,None,S_Tennessee,S_Kentucky,None,None,None,None,1
349,Tennessee_link_Missouri,Link,None,Tennessee_link_Missouri,None,None,None,None,None,S_Tennessee,S_Missouri,None,None,None,None,1
350,Tennessee_link_Virginia,Link,None,Tennessee_link_Virginia,None,None,None,None,None,S_Tennessee,S_Virginia,None,None,None,None,1
351,Texas_link_Arkansas,Link,None,Texas_link_Arkansas,None,None,None,None,None,S_Texas,S_Arkansas,None,None,None,None,1
352,Texas_link_NewMexico,Link,None,Texas_link_NewMexico,None,None,None,None,None,S_Texas,S_NewMexico,None,None,None,None,1
353,Texas_link_Oklahoma,Link,None,Texas_link_Oklahoma,None,None,None,None,None,S_Texas,S_Oklahoma,None,None,None,None,1
354,Utah_link_Arizona,Link,None,Utah_link_Arizona,None,None,None,None,None,S_Utah,S_Arizona,None,None,None,None,1
355,Utah_link_Colorado,Link,None,Utah_link_Colorado,None,None,None,None,None,S_Utah,S_Colorado,None,None,None,None,1
356,Utah_link_Idaho,Link,None,Utah_link_Idaho,None,None,None,None,None,S_Utah,S_Idaho,None,None,None,None,1
357,Vermont_link_Massachusetts,Link,None,Vermont_link_Massachusetts,None,None,None,None,None,S_Vermont,S_Massachusetts,None,None,None,None,1
358,Virginia_link_Maryland,Link,None,Virginia_link_Maryland,None,None,None,None,None,S_Virginia,S_Maryland,None,None,None,None,1
359,Washington_link_Idaho,Link,None,Washington_link_Idaho,None,None,None,None,None,S_Washington,S_Idaho,None,None,None,None,1
360,WashingtDC_link_Maryland,Link,None,WashingtDC_link_Maryland,None,None,None,None,None,S_WashingtDC,S_Maryland,None,None,None,None,1
361,WashingtDC_link_Virginia,Link,None,WashingtDC_link_Virginia,None,None,None,None,None,S_WashingtDC,S_Virginia,None,None,None,None,1
362,Wyoming_link_Montana,Link,None,Wyoming_link_Montana,None,None,None,None,None,S_Wyoming,S_Montana,None,None,None,None,1
363,Wyoming_link_Nebraska,Link,None,Wyoming_link_Nebraska,None,None,None,None,None,S_Wyoming,S_Nebraska,None,None,None,None,1
364,Wyoming_link_Utah,Link,None,Wyoming_link_Utah,None,None,None,None,None,S_Wyoming,S_Utah,None,None,None,None,1
365,BocaRaton_Link_Florida,Link,Florida,BocaRaton_Link_Florida,None,None,None,None,None,BocaRaton,S_Florida,None,None,None,None,1
366,BowGreen_Link_Kentucky,Link,Kentucky,BowGreen_Link_Kentucky,None,None,None,None,None,BowGreen,S_Kentucky,None,None,None,None,1
370,StTeresa_Link_Texas,Link,Texas,StTeresa_Link_Texas,None,None,None,None,None,StTeresa,S_Texas,None,None,None,None,1
371,Fairfax_Link_SouthCarolina,Link,SouthCarolina,Fairfax_Link_SouthCarolina,None,None,None,None,None,Fairfax,S_SouthCarolina,None,None,None,None,1
372,Denver_Link_Colorado,Link,Colorado,Denver_Link_Colorado,None,None,None,None,None,Denver,S_Colorado,None,None,None,None,1
373,Helena_Link_Montana,Link,Montana,Helena_Link_Montana,None,None,None,None,None,Helena,S_Montana,None,None,None,None,1
378,Wilmington_Link_NorthCarolina,Link,NorthCarolina,Wilmington_Link_NorthCarolina,None,None,None,None,None,Wilmington,S_NorthCarolina,None,None,None,None,1
380,Auburn_Link_California,Link,California,Auburn_Link_California,None,None,None,None,None,Auburn,S_California,None,None,None,None,1
384,RoundRock_Link_Texas,Link,Texas,RoundRock_Link_Texas,None,None,None,None,None,RoundRock,S_Texas,None,None,None,None,1
386,Billings_Link_Montana,Link,Montana,Billings_Link_Montana,None,None,None,None,None,Billings,S_Montana,None,None,None,None,1
387,Sunnyvale_Link_California,Link,California,Sunnyvale_Link_California,None,None,None,None,None,Sunnyvale,S_California,None,None,None,None,1
396,Mentor_Link_Ohio,Link,Ohio,Mentor_Link_Ohio,None,None,None,None,None,Mentor,S_Ohio,None,None,None,None,1
397,Tucson_Link_Arizona,Link,Arizona,Tucson_Link_Arizona,None,None,None,None,None,Tucson,S_Arizona,None,None,None,None,1
398,Payson_Link_Arizona,Link,Arizona,Payson_Link_Arizona,None,None,None,None,None,Payson,S_Arizona,None,None,None,None,1
399,Towson_Link_Maryland,Link,Maryland,Towson_Link_Maryland,None,None,None,None,None,Towson,S_Maryland,None,None,None,None,1
400,Louisville_Link_Kentucky,Link,Kentucky,Louisville_Link_Kentucky,None,None,None,None,None,Louisville,S_Kentucky,None,None,None,None,1
404,Rochester_Link_NewYork,Link,NewYork,Rochester_Link_NewYork,None,None,None,None,None,Rochester,S_NewYork,None,None,None,None,1
405,Middletown_Link_Kentucky,Link,Kentucky,Middletown_Link_Kentucky,None,None,None,None,None,Middletown,S_Kentucky,None,None,None,None,1
408,WinHeaven_Link_Florida,Link,Florida,WinHeaven_Link_Florida,None,None,None,None,None,WinHeaven,S_Florida,None,None,None,None,1
409,Chesapeake_Link_Virginia,Link,Virginia,Chesapeake_Link_Virginia,None,None,None,None,None,Chesapeake,S_Virginia,None,None,None,None,1
410,Harrburg_Link_Virginia,Link,Virginia,Harrburg_Link_Virginia,None,None,None,None,None,Harrburg,S_Virginia,None,None,None,None,1
411,Fredsberg_Link_Virginia,Link,Virginia,Fredsberg_Link_Virginia,None,None,None,None,None,Fredsberg,S_Virginia,None,None,None,None,1
412,Bellport_Link_NewYork,Link,NewYork,Bellport_Link_NewYork,None,None,None,None,None,Bellport,S_NewYork,None,None,None,None,1
413,Lakeland_Link_Florida,Link,Florida,Lakeland_Link_Florida,None,None,None,None,None,Lakeland,S_Florida,None,None,None,None,1
414,SprfldMA_Link_Massachusetts,Link,Massachusetts,SprfldMA_Link_Massachusetts,None,None,None,None,None,SprfldMA,S_Massachusetts,None,None,None,None,1
415,Flagstaff_Link_Arizona,Link,Arizona,Flagstaff_Link_Arizona,None,None,None,None,None,Flagstaff,S_Arizona,None,None,None,None,1
416,Chicago_Link_Illinois,Link,Illinois,Chicago_Link_Illinois,None,None,None,None,None,Chicago,S_Illinois,None,None,None,None,1
418,Portland_Link_Oregon,Link,Oregon,Portland_Link_Oregon,None,None,None,None,None,Portland,S_Oregon,None,None,None,None,1
421,Salinas_Link_California,Link,California,Salinas_Link_California,None,None,None,None,None,Salinas,S_California,None,None,None,None,1
422,ManchstCA_Link_California,Link,California,ManchstCA_Link_California,None,None,None,None,None,ManchstCA,S_California,None,None,None,None,1
425,Carlsbad_Link_California,Link,California,Carlsbad_Link_California,None,None,None,None,None,Carlsbad,S_California,None,None,None,None,1
426,Lompoc_Link_California,Link,California,Lompoc_Link_California,None,None,None,None,None,Lompoc,S_California,None,None,None,None,1
428,WPalmBeach_Link_Florida,Link,Florida,WPalmBeach_Link_Florida,None,None,None,None,None,WPalmBeach,S_Florida,None,None,None,None,1
430,GBHighPt_Link_NorthCarolina,Link,NorthCarolina,GBHighPt_Link_NorthCarolina,None,None,None,None,None,GBHighPt,S_NorthCarolina,None,None,None,None,1
434,Stockton_Link_California,Link,California,Stockton_Link_California,None,None,None,None,None,Stockton,S_California,None,None,None,None,1
435,CampVerde_Link_Arizona,Link,Arizona,CampVerde_Link_Arizona,None,None,None,None,None,CampVerde,S_Arizona,None,None,None,None,1
439,Harlingen_Link_Texas,Link,Texas,Harlingen_Link_Texas,None,None,None,None,None,Harlingen,S_Texas,None,None,None,None,1
441,Mobile_Link_Alabama,Link,Alabama,Mobile_Link_Alabama,None,None,None,None,None,Mobile,S_Alabama,None,None,None,None,1
442,SugarLand_Link_Texas,Link,Texas,SugarLand_Link_Texas,None,None,None,None,None,SugarLand,S_Texas,None,None,None,None,1
444,York_Link_Pennsylvania,Link,Pennsylvania,York_Link_Pennsylvania,None,None,None,None,None,York,S_Pennsylvania,None,None,None,None,1
448,Milwaukee_Link_Wisconsin,Link,Wisconsin,Milwaukee_Link_Wisconsin,None,None,None,None,None,Milwaukee,S_Wisconsin,None,None,None,None,1
453,Nashville_Link_Tennessee,Link,Tennessee,Nashville_Link_Tennessee,None,None,None,None,None,Nashville,S_Tennessee,None,None,None,None,1
454,Newark_Link_NewJersey,Link,NewJersey,Newark_Link_NewJersey,None,None,None,None,None,Newark,S_NewJersey,None,None,None,None,1
455,SantaAna_Link_California,Link,California,SantaAna_Link_California,None,None,None,None,None,SantaAna,S_California,None,None,None,None,1
456,Hollywood_Link_Florida,Link,Florida,Hollywood_Link_Florida,None,None,None,None,None,Hollywood,S_Florida,None,None,None,None,1
457,Toledo_Link_Ohio,Link,Ohio,Toledo_Link_Ohio,None,None,None,None,None,Toledo,S_Ohio,None,None,None,None,1
458,Brent_Link_Florida,Link,Florida,Brent_Link_Florida,None,None,None,None,None,Brent,S_Florida,None,None,None,None,1
459,Warren_Link_Ohio,Link,Ohio,Warren_Link_Ohio,None,None,None,None,None,Warren,S_Ohio,None,None,None,None,1
464,Greeley_Link_Colorado,Link,Colorado,Greeley_Link_Colorado,None,None,None,None,None,Greeley,S_Colorado,None,None,None,None,1
466,Anaheim_Link_California,Link,California,Anaheim_Link_California,None,None,None,None,None,Anaheim,S_California,None,None,None,None,1
467,TriCities_Link_Tennessee,Link,Tennessee,TriCities_Link_Tennessee,None,None,None,None,None,TriCities,S_Tennessee,None,None,None,None,1
468,Princeton_Link_NewJersey,Link,NewJersey,Princeton_Link_NewJersey,None,None,None,None,None,Princeton,S_NewJersey,None,None,None,None,1
471,StCollege_Link_Pennsylvania,Link,Pennsylvania,StCollege_Link_Pennsylvania,None,None,None,None,None,StCollege,S_Pennsylvania,None,None,None,None,1
472,FortLdale_Link_Florida,Link,Florida,FortLdale_Link_Florida,None,None,None,None,None,FortLdale,S_Florida,None,None,None,None,1
473,Cleveland_Link_Ohio,Link,Ohio,Cleveland_Link_Ohio,None,None,None,None,None,Cleveland,S_Ohio,None,None,None,None,1
474,Phily_Link_Pennsylvania,Link,Pennsylvania,Phily_Link_Pennsylvania,None,None,None,None,None,Phily,S_Pennsylvania,None,None,None,None,1
475,WilkBarre_Link_Pennsylvania,Link,Pennsylvania,WilkBarre_Link_Pennsylvania,None,None,None,None,None,WilkBarre,S_Pennsylvania,None,None,None,None,1
477,Pine_Link_Arizona,Link,Arizona,Pine_Link_Arizona,None,None,None,None,None,Pine,S_Arizona,None,None,None,None,1
479,Detroit_Link_Michigan,Link,Michigan,Detroit_Link_Michigan,None,None,None,None,None,Detroit,S_Michigan,None,None,None,None,1
481,Spokane_Link_Washington,Link,Washington,Spokane_Link_Washington,None,None,None,None,None,Spokane,S_Washington,None,None,None,None,1
482,Eugene_Link_Oregon,Link,Oregon,Eugene_Link_Oregon,None,None,None,None,None,Eugene,S_Oregon,None,None,None,None,1
484,CorChris_Link_Texas,Link,Texas,CorChris_Link_Texas,None,None,None,None,None,CorChris,S_Texas,None,None,None,None,1
490,Albuq_Link_NewMexico,Link,NewMexico,Albuq_Link_NewMexico,None,None,None,None,None,Albuq,S_NewMexico,None,None,None,None,1
491,Cousport_Link_Pennsylvania,Link,Pennsylvania,Cousport_Link_Pennsylvania,None,None,None,None,None,Cousport,S_Pennsylvania,None,None,None,None,1
496,Baytown_Link_Texas,Link,Texas,Baytown_Link_Texas,None,None,None,None,None,Baytown,S_Texas,None,None,None,None,1
497,Richmond_Link_Virginia,Link,Virginia,Richmond_Link_Virginia,None,None,None,None,None,Richmond,S_Virginia,None,None,None,None,1
500,Bullhead_Link_Arizona,Link,Arizona,Bullhead_Link_Arizona,None,None,None,None,None,Bullhead,S_Arizona,None,None,None,None,1
502,StLouis_Link_Missouri,Link,Missouri,StLouis_Link_Missouri,None,None,None,None,None,StLouis,S_Missouri,None,None,None,None,1
503,Orlando_Link_Florida,Link,Florida,Orlando_Link_Florida,None,None,None,None,None,Orlando,S_Florida,None,None,None,None,1
509,Altoona_Link_Pennsylvania,Link,Pennsylvania,Altoona_Link_Pennsylvania,None,None,None,None,None,Altoona,S_Pennsylvania,None,None,None,None,1
510,Cincinnati_Link_Ohio,Link,Ohio,Cincinnati_Link_Ohio,None,None,None,None,None,Cincinnati,S_Ohio,None,None,None,None,1
511,FortSmith_Link_Arkansas,Link,Arkansas,FortSmith_Link_Arkansas,None,None,None,None,None,FortSmith,S_Arkansas,None,None,None,None,1
514,Raleigh_Link_NorthCarolina,Link,NorthCarolina,Raleigh_Link_NorthCarolina,None,None,None,None,None,Raleigh,S_NorthCarolina,None,None,None,None,1
516,NewOrleans_Link_Louisiana,Link,Louisiana,NewOrleans_Link_Louisiana,None,None,None,None,None,NewOrleans,S_Louisiana,None,None,None,None,1
518,Charsville_Link_Virginia,Link,Virginia,Charsville_Link_Virginia,None,None,None,None,None,Charsville,S_Virginia,None,None,None,None,1
519,Columbia_Link_SouthCarolina,Link,SouthCarolina,Columbia_Link_SouthCarolina,None,None,None,None,None,Columbia,S_SouthCarolina,None,None,None,None,1
520,Boston_Link_Massachusetts,Link,Massachusetts,Boston_Link_Massachusetts,None,None,None,None,None,Boston,S_Massachusetts,None,None,None,None,1
521,Dallas_Link_Texas,Link,Texas,Dallas_Link_Texas,None,None,None,None,None,Dallas,S_Texas,None,None,None,None,1
522,Norfolk_Link_Virginia,Link,Virginia,Norfolk_Link_Virginia,None,None,None,None,None,Norfolk,S_Virginia,None,None,None,None,1
523,Edison_Link_NewJersey,Link,NewJersey,Edison_Link_NewJersey,None,None,None,None,None,Edison,S_NewJersey,None,None,None,None,1
525,Charleston_Link_SouthCarolina,Link,SouthCarolina,Charleston_Link_SouthCarolina,None,None,None,None,None,Charleston,S_SouthCarolina,None,None,None,None,1
526,Kingsport_Link_Tennessee,Link,Tennessee,Kingsport_Link_Tennessee,None,None,None,None,None,Kingsport,S_Tennessee,None,None,None,None,1
528,SanFranc_Link_California,Link,California,SanFranc_Link_California,None,None,None,None,None,SanFranc,S_California,None,None,None,None,1
534,Jackson_Link_Mississippi,Link,Mississippi,Jackson_Link_Mississippi,None,None,None,None,None,Jackson,S_Mississippi,None,None,None,None,1
536,SanLObp_Link_California,Link,California,SanLObp_Link_California,None,None,None,None,None,SanLObp,S_California,None,None,None,None,1
537,Gainesv_Link_Florida,Link,Florida,Gainesv_Link_Florida,None,None,None,None,None,Gainesv,S_Florida,None,None,None,None,1
540,LextFayet_Link_Kentucky,Link,Kentucky,LextFayet_Link_Kentucky,None,None,None,None,None,LextFayet,S_Kentucky,None,None,None,None,1
541,Oakland_Link_California,Link,California,Oakland_Link_California,None,None,None,None,None,Oakland,S_California,None,None,None,None,1
542,Melbourne_Link_Florida,Link,Florida,Melbourne_Link_Florida,None,None,None,None,None,Melbourne,S_Florida,None,None,None,None,1
545,Omaha_Link_Nebraska,Link,Nebraska,Omaha_Link_Nebraska,None,None,None,None,None,Omaha,S_Nebraska,None,None,None,None,1
547,PaloAlto_Link_California,Link,California,PaloAlto_Link_California,None,None,None,None,None,PaloAlto,S_California,None,None,None,None,1
549,Austin_Link_Texas,Link,Texas,Austin_Link_Texas,None,None,None,None,None,Austin,S_Texas,None,None,None,None,1
550,TroyNY_Link_NewYork,Link,NewYork,TroyNY_Link_NewYork,None,None,None,None,None,TroyNY,S_NewYork,None,None,None,None,1
551,SPtsburg_Link_Florida,Link,Florida,SPtsburg_Link_Florida,None,None,None,None,None,SPtsburg,S_Florida,None,None,None,None,1
553,Elyria_Link_Ohio,Link,Ohio,Elyria_Link_Ohio,None,None,None,None,None,Elyria,S_Ohio,None,None,None,None,1
557,GrovBeach_Link_California,Link,California,GrovBeach_Link_California,None,None,None,None,None,GrovBeach,S_California,None,None,None,None,1
558,Madison_Link_Wisconsin,Link,Wisconsin,Madison_Link_Wisconsin,None,None,None,None,None,Madison,S_Wisconsin,None,None,None,None,1
565,JsonCity_Link_Tennessee,Link,Tennessee,JsonCity_Link_Tennessee,None,None,None,None,None,JsonCity,S_Tennessee,None,None,None,None,1
568,Indiana_Link_Pennsylvania,Link,Pennsylvania,Indiana_Link_Pennsylvania,None,None,None,None,None,Indiana,S_Pennsylvania,None,None,None,None,1
569,Scranton_Link_Pennsylvania,Link,Pennsylvania,Scranton_Link_Pennsylvania,None,None,None,None,None,Scranton,S_Pennsylvania,None,None,None,None,1
570,McAllen_Link_Texas,Link,Texas,McAllen_Link_Texas,None,None,None,None,None,McAllen,S_Texas,None,None,None,None,1
573,SanAngelo_Link_Texas,Link,Texas,SanAngelo_Link_Texas,None,None,None,None,None,SanAngelo,S_Texas,None,None,None,None,1
577,Bryan_Link_Texas,Link,Texas,Bryan_Link_Texas,None,None,None,None,None,Bryan,S_Texas,None,None,None,None,1
579,Akron_Link_Ohio,Link,Ohio,Akron_Link_Ohio,None,None,None,None,None,Akron,S_Ohio,None,None,None,None,1
580,BatonRouge_Link_Louisiana,Link,Louisiana,BatonRouge_Link_Louisiana,None,None,None,None,None,BatonRouge,S_Louisiana,None,None,None,None,1
582,LittleRock_Link_Arkansas,Link,Arkansas,LittleRock_Link_Arkansas,None,None,None,None,None,LittleRock,S_Arkansas,None,None,None,None,1
583,Roachdale_Link_Indiana,Link,Indiana,Roachdale_Link_Indiana,None,None,None,None,None,Roachdale,S_Indiana,None,None,None,None,1
585,Provo_Link_Utah,Link,Utah,Provo_Link_Utah,None,None,None,None,None,Provo,S_Utah,None,None,None,None,1
586,Tampa_Link_Florida,Link,Florida,Tampa_Link_Florida,None,None,None,None,None,Tampa,S_Florida,None,None,None,None,1
587,GrandJunc_Link_Colorado,Link,Colorado,GrandJunc_Link_Colorado,None,None,None,None,None,GrandJunc,S_Colorado,None,None,None,None,1
588,Plano_Link_Texas,Link,Texas,Plano_Link_Texas,None,None,None,None,None,Plano,S_Texas,None,None,None,None,1
589,Dearborn_Link_Michigan,Link,Michigan,Dearborn_Link_Michigan,None,None,None,None,None,Dearborn,S_Michigan,None,None,None,None,1
595,Shreveport_Link_Louisiana,Link,Louisiana,Shreveport_Link_Louisiana,None,None,None,None,None,Shreveport,S_Louisiana,None,None,None,None,1
596,Vancouver_Link_Washington,Link,Washington,Vancouver_Link_Washington,None,None,None,None,None,Vancouver,S_Washington,None,None,None,None,1
598,Bishop_Link_California,Link,California,Bishop_Link_California,None,None,None,None,None,Bishop,S_California,None,None,None,None,1
600,Dayton_Link_Ohio,Link,Ohio,Dayton_Link_Ohio,None,None,None,None,None,Dayton,S_Ohio,None,None,None,None,1
601,Baltimore_Link_Maryland,Link,Maryland,Baltimore_Link_Maryland,None,None,None,None,None,Baltimore,S_Maryland,None,None,None,None,1
603,Tacoma_Link_Washington,Link,Washington,Tacoma_Link_Washington,None,None,None,None,None,Tacoma,S_Washington,None,None,None,None,1
604,Southfield_Link_Michigan,Link,Michigan,Southfield_Link_Michigan,None,None,None,None,None,Southfield,S_Michigan,None,None,None,None,1
606,Lansing_Link_Michigan,Link,Michigan,Lansing_Link_Michigan,None,None,None,None,None,Lansing,S_Michigan,None,None,None,None,1
610,Sedona_Link_Arizona,Link,Arizona,Sedona_Link_Arizona,None,None,None,None,None,Sedona,S_Arizona,None,None,None,None,1
614,Fyville_Link_NorthCarolina,Link,NorthCarolina,Fyville_Link_NorthCarolina,None,None,None,None,None,Fyville,S_NorthCarolina,None,None,None,None,1
615,Framingham_Link_Massachusetts,Link,Massachusetts,Framingham_Link_Massachusetts,None,None,None,None,None,Framingham,S_Massachusetts,None,None,None,None,1
616,SanBernd_Link_California,Link,California,SanBernd_Link_California,None,None,None,None,None,SanBernd,S_California,None,None,None,None,1
618,Bristol_Link_Tennessee,Link,Tennessee,Bristol_Link_Tennessee,None,None,None,None,None,Bristol,S_Tennessee,None,None,None,None,1
619,Eagan_Link_Minnesota,Link,Minnesota,Eagan_Link_Minnesota,None,None,None,None,None,Eagan,S_Minnesota,None,None,None,None,1
620,Ogden_Link_Utah,Link,Utah,Ogden_Link_Utah,None,None,None,None,None,Ogden,S_Utah,None,None,None,None,1
621,Lynchburg_Link_Virginia,Link,Virginia,Lynchburg_Link_Virginia,None,None,None,None,None,Lynchburg,S_Virginia,None,None,None,None,1
622,NewHaven_Link_Connecticut,Link,Connecticut,NewHaven_Link_Connecticut,None,None,None,None,None,NewHaven,S_Connecticut,None,None,None,None,1
623,RomeUtica_Link_NewYork,Link,NewYork,RomeUtica_Link_NewYork,None,None,None,None,None,RomeUtica,S_NewYork,None,None,None,None,1
624,Wichita_Link_Kansas,Link,Kansas,Wichita_Link_Kansas,None,None,None,None,None,Wichita,S_Kansas,None,None,None,None,1
625,KansasCity_Link_Kansas,Link,Kansas,KansasCity_Link_Kansas,None,None,None,None,None,KansasCity,S_Kansas,None,None,None,None,1
626,Redding_Link_California,Link,California,Redding_Link_California,None,None,None,None,None,Redding,S_California,None,None,None,None,1
628,Savannah_Link_Georgia,Link,Georgia,Savannah_Link_Georgia,None,None,None,None,None,Savannah,S_Georgia,None,None,None,None,1
629,Ashburn_Link_Virginia,Link,Virginia,Ashburn_Link_Virginia,None,None,None,None,None,Ashburn,S_Virginia,None,None,None,None,1
631,LasVegas_Link_Nevada,Link,Nevada,LasVegas_Link_Nevada,None,None,None,None,None,LasVegas,S_Nevada,None,None,None,None,1
881,S_Texas,Switch,Texas,S_Texas,-99.02783745,31.099725,10:00:00:00:00:01,None,None,None,None,None,None,None,None,1
882,S_Ohio,Switch,Ohio,S_Ohio,-82.33861351,40.84398188,10:00:00:00:00:02,None,None,None,None,None,None,None,None,1
883,S_NewYork,Switch,NewYork,S_NewYork,-74.96260764,42.08804174,10:00:00:00:00:03,None,None,None,None,None,None,None,None,1
884,S_NewMexico,Switch,NewMexico,S_NewMexico,-106.6055534,35.0853336,10:00:00:00:00:04,None,None,None,None,None,None,None,None,1
885,S_Pennsylvania,Switch,Pennsylvania,S_Pennsylvania,-77.34745587,40.72147528,10:00:00:00:00:05,None,None,None,None,None,None,None,None,1
886,S_California,Switch,California,S_California,-120.441712,36.80223081,10:00:00:00:00:06,None,None,None,None,None,None,None,None,1
887,S_Virginia,Switch,Virginia,S_Virginia,-78.1684891,37.67325356,10:00:00:00:00:07,None,None,None,None,None,None,None,None,1
888,S_Georgia,Switch,Georgia,S_Georgia,-82.7826834,33.03668213,10:00:00:00:00:08,None,None,None,None,None,None,None,None,1
889,S_Maryland,Switch,Maryland,S_Maryland,-76.8748809,39.36871637,10:00:00:00:00:09,None,None,None,None,None,None,None,None,1
890,S_Oregon,Switch,Oregon,S_Oregon,-123.1787002,44.24773928,10:00:00:00:00:10,None,None,None,None,None,None,None,None,1
891,S_Louisiana,Switch,Louisiana,S_Louisiana,-91.65401027,30.97816677,10:00:00:00:00:11,None,None,None,None,None,None,None,None,1
892,S_Michigan,Switch,Michigan,S_Michigan,-84.10411,42.49006547,10:00:00:00:00:12,None,None,None,None,None,None,None,None,1
893,S_Washington,Switch,Washington,S_Washington,-121.5634441,47.27425123,10:00:00:00:00:13,None,None,None,None,None,None,None,None,1
894,S_Arkansas,Switch,Arkansas,S_Arkansas,-93.63231983,35.50175297,10:00:00:00:00:14,None,None,None,None,None,None,None,None,1
895,S_Montana,Switch,Montana,S_Montana,-110.5227099,46.01621807,10:00:00:00:00:15,None,None,None,None,None,None,None,None,1
896,S_Alabama,Switch,Alabama,S_Alabama,-87.4211906,32.10801325,10:00:00:00:00:16,None,None,None,None,None,None,None,None,1
897,S_Florida,Switch,Florida,S_Florida,-82.10958307,28.10787401,10:00:00:00:00:17,None,None,None,None,None,None,None,None,1
898,S_Idaho,Switch,Idaho,S_Idaho,-115.283162,43.6579198,10:00:00:00:00:18,None,None,None,None,None,None,None,None,1
899,S_Massachusetts,Switch,Massachusetts,S_Massachusetts,-71.71678525,42.2508612,10:00:00:00:00:19,None,None,None,None,None,None,None,None,1
900,S_Colorado,Switch,Colorado,S_Colorado,-105.5573948,39.75409062,10:00:00:00:00:20,None,None,None,None,None,None,None,None,1
901,S_Kentucky,Switch,Kentucky,S_Kentucky,-85.57045633,37.87677975,10:00:00:00:00:21,None,None,None,None,None,None,None,None,1
902,S_Connecticut,Switch,Connecticut,S_Connecticut,-72.97576098,41.29756017,10:00:00:00:00:22,None,None,None,None,None,None,None,None,1
903,S_Tennessee,Switch,Tennessee,S_Tennessee,-84.91137783,35.91701983,10:00:00:00:00:23,None,None,None,None,None,None,None,None,1
904,S_Arizona,Switch,Arizona,S_Arizona,-112.5673254,34.35240182,10:00:00:00:00:24,None,None,None,None,None,None,None,None,1
905,S_Vermont,Switch,Vermont,S_Vermont,-73.212072,44.4758825,10:00:00:00:00:25,None,None,None,None,None,None,None,None,1
906,S_Wyoming,Switch,Wyoming,S_Wyoming,-105.5666636,42.0033067,10:00:00:00:00:26,None,None,None,None,None,None,None,None,1
907,S_SouthCarolina,Switch,SouthCarolina,S_SouthCarolina,-81.30568384,33.90768366,10:00:00:00:00:27,None,None,None,None,None,None,None,None,1
908,S_NorthCarolina,Switch,NorthCarolina,S_NorthCarolina,-79.37723931,35.50727294,10:00:00:00:00:28,None,None,None,None,None,None,None,None,1
909,S_Illinois,Switch,Illinois,S_Illinois,-88.63997315,40.82991745,10:00:00:00:00:29,None,None,None,None,None,None,None,None,1
910,S_Iowa,Switch,Iowa,S_Iowa,-94.73496985,41.4312446,10:00:00:00:00:30,None,None,None,None,None,None,None,None,1
911,S_Minnesota,Switch,Minnesota,S_Minnesota,-93.45526798,44.85634688,10:00:00:00:00:31,None,None,None,None,None,None,None,None,1
912,S_Wisconsin,Switch,Wisconsin,S_Wisconsin,-89.20650598,43.86061555,10:00:00:00:00:32,None,None,None,None,None,None,None,None,1
913,S_NewJersey,Switch,NewJersey,S_NewJersey,-74.49865575,40.45718085,10:00:00:00:00:33,None,None,None,None,None,None,None,None,1
914,S_NorthDakota,Switch,NorthDakota,S_NorthDakota,-96.7898034,46.8771863,10:00:00:00:00:34,None,None,None,None,None,None,None,None,1
915,S_Indiana,Switch,Indiana,S_Indiana,-86.40409577,40.43123047,10:00:00:00:00:35,None,None,None,None,None,None,None,None,1
916,S_Mississippi,Switch,Mississippi,S_Mississippi,-90.1848103,32.2987573,10:00:00:00:00:36,None,None,None,None,None,None,None,None,1
917,S_Kansas,Switch,Kansas,S_Kansas,-95.88217837,38.61901753,10:00:00:00:00:37,None,None,None,None,None,None,None,None,1
918,S_Nevada,Switch,Nevada,S_Nevada,-117.4768161,37.84978705,10:00:00:00:00:38,None,None,None,None,None,None,None,None,1
919,S_Nebraska,Switch,Nebraska,S_Nebraska,-96.34159325,41.03906295,10:00:00:00:00:39,None,None,None,None,None,None,None,None,1
920,S_Utah,Switch,Utah,S_Utah,-111.8411372,40.7392077,10:00:00:00:00:40,None,None,None,None,None,None,None,None,1
921,S_Oklahoma,Switch,Oklahoma,S_Oklahoma,-96.7546013,35.8107709,10:00:00:00:00:41,None,None,None,None,None,None,None,None,1
922,S_RhodeIsland,Switch,RhodeIsland,S_RhodeIsland,-71.4128343,41.8239891,10:00:00:00:00:42,None,None,None,None,None,None,None,None,1
923,S_Missouri,Switch,Missouri,S_Missouri,-90.1994042,38.6270025,10:00:00:00:00:43,None,None,None,None,None,None,None,None,1
924,S_WashingtDC,Switch,WashingtDC,S_WashingtDC,-77.0368707,38.9071923,10:00:00:00:00:44,None,None,None,None,None,None,None,None,1
925,Texas,Region,Texas,Texas,-99.02783745,31.099725,None,None,None,None,None,None,None,None,None,1
926,Ohio,Region,Ohio,Ohio,-82.33861351,40.84398188,None,None,None,None,None,None,None,None,None,1
927,NewYork,Region,NewYork,NewYork,-74.96260764,42.08804174,None,None,None,None,None,None,None,None,None,1
928,NewMexico,Region,NewMexico,NewMexico,-106.6055534,35.0853336,None,None,None,None,None,None,None,None,None,1
929,Pennsylvania,Region,Pennsylvania,Pennsylvania,-77.34745587,40.72147528,None,None,None,None,None,None,None,None,None,1
930,California,Region,California,California,-120.441712,36.80223081,None,None,None,None,None,None,None,None,None,1
931,Virginia,Region,Virginia,Virginia,-78.1684891,37.67325356,None,None,None,None,None,None,None,None,None,1
932,Georgia,Region,Georgia,Georgia,-82.7826834,33.03668213,None,None,None,None,None,None,None,None,None,1
933,Maryland,Region,Maryland,Maryland,-76.8748809,39.36871637,None,None,None,None,None,None,None,None,None,1
934,Oregon,Region,Oregon,Oregon,-123.1787002,44.24773928,None,None,None,None,None,None,None,None,None,1
935,Louisiana,Region,Louisiana,Louisiana,-91.65401027,30.97816677,None,None,None,None,None,None,None,None,None,1
936,Michigan,Region,Michigan,Michigan,-84.10411,42.49006547,None,None,None,None,None,None,None,None,None,1
937,Washington,Region,Washington,Washington,-121.5634441,47.27425123,None,None,None,None,None,None,None,None,None,1
938,Arkansas,Region,Arkansas,Arkansas,-93.63231983,35.50175297,None,None,None,None,None,None,None,None,None,1
939,Montana,Region,Montana,Montana,-110.5227099,46.01621807,None,None,None,None,None,None,None,None,None,1
940,Alabama,Region,Alabama,Alabama,-87.4211906,32.10801325,None,None,None,None,None,None,None,None,None,1
941,Florida,Region,Florida,Florida,-82.10958307,28.10787401,None,None,None,None,None,None,None,None,None,1
942,Idaho,Region,Idaho,Idaho,-115.283162,43.6579198,None,None,None,None,None,None,None,None,None,1
943,Massachusetts,Region,Massachusetts,Massachusetts,-71.71678525,42.2508612,None,None,None,None,None,None,None,None,None,1
944,Colorado,Region,Colorado,Colorado,-105.5573948,39.75409062,None,None,None,None,None,None,None,None,None,1
945,Kentucky,Region,Kentucky,Kentucky,-85.57045633,37.87677975,None,None,None,None,None,None,None,None,None,1
946,Connecticut,Region,Connecticut,Connecticut,-72.97576098,41.29756017,None,None,None,None,None,None,None,None,None,1
947,Tennessee,Region,Tennessee,Tennessee,-84.91137783,35.91701983,None,None,None,None,None,None,None,None,None,1
948,Arizona,Region,Arizona,Arizona,-112.5673254,34.35240182,None,None,None,None,None,None,None,None,None,1
949,Vermont,Region,Vermont,Vermont,-73.212072,44.4758825,None,None,None,None,None,None,None,None,None,1
950,Wyoming,Region,Wyoming,Wyoming,-105.5666636,42.0033067,None,None,None,None,None,None,None,None,None,1
951,SouthCarolina,Region,SouthCarolina,SouthCarolina,-81.30568384,33.90768366,None,None,None,None,None,None,None,None,None,1
952,NorthCarolina,Region,NorthCarolina,NorthCarolina,-79.37723931,35.50727294,None,None,None,None,None,None,None,None,None,1
953,Illinois,Region,Illinois,Illinois,-88.63997315,40.82991745,None,None,None,None,None,None,None,None,None,1
954,Iowa,Region,Iowa,Iowa,-94.73496985,41.4312446,None,None,None,None,None,None,None,None,None,1
955,Minnesota,Region,Minnesota,Minnesota,-93.45526798,44.85634688,None,None,None,None,None,None,None,None,None,1
956,Wisconsin,Region,Wisconsin,Wisconsin,-89.20650598,43.86061555,None,None,None,None,None,None,None,None,None,1
957,NewJersey,Region,NewJersey,NewJersey,-74.49865575,40.45718085,None,None,None,None,None,None,None,None,None,1
958,NorthDakota,Region,NorthDakota,NorthDakota,-96.7898034,46.8771863,None,None,None,None,None,None,None,None,None,1
959,Indiana,Region,Indiana,Indiana,-86.40409577,40.43123047,None,None,None,None,None,None,None,None,None,1
960,Mississippi,Region,Mississippi,Mississippi,-90.1848103,32.2987573,None,None,None,None,None,None,None,None,None,1
961,Kansas,Region,Kansas,Kansas,-95.88217837,38.61901753,None,None,None,None,None,None,None,None,None,1
962,Nevada,Region,Nevada,Nevada,-117.4768161,37.84978705,None,None,None,None,None,None,None,None,None,1
963,Nebraska,Region,Nebraska,Nebraska,-96.34159325,41.03906295,None,None,None,None,None,None,None,None,None,1
964,Utah,Region,Utah,Utah,-111.8411372,40.7392077,None,None,None,None,None,None,None,None,None,1
965,Oklahoma,Region,Oklahoma,Oklahoma,-96.7546013,35.8107709,None,None,None,None,None,None,None,None,None,1
966,RhodeIsland,Region,RhodeIsland,RhodeIsland,-71.4128343,41.8239891,None,None,None,None,None,None,None,None,None,1
967,Missouri,Region,Missouri,Missouri,-90.1994042,38.6270025,None,None,None,None,None,None,None,None,None,1
968,WashingtDC,Region,WashingtDC,WashingtDC,-77.0368707,38.9071923,None,None,None,None,None,None,None,None,None,1
